CallIdMaster;Data
138439376;04/11/2024
138437926;04/11/2024
138444372;04/11/2024
138472099;04/11/2024
138468930;04/11/2024
138477763;04/11/2024
138464297;04/11/2024
138499174;04/11/2024
138534007;04/11/2024
138551021;04/11/2024
138546902;04/11/2024
138548177;04/11/2024
138548177;04/11/2024
138519699;04/11/2024
138559952;04/11/2024
138552397;04/11/2024
138565087;04/11/2024
138545730;04/11/2024
138572725;04/11/2024
138573689;04/11/2024
138580189;04/11/2024
138581246;04/11/2024
138584519;04/11/2024
138584509;04/11/2024
138587876;04/11/2024
138586197;04/11/2024
138598721;04/11/2024
138606677;04/11/2024
138579310;04/11/2024
138604549;04/11/2024
138604549;04/11/2024
138601604;04/11/2024
138654636;04/11/2024
138633658;04/11/2024
138667742;04/11/2024
138681108;04/11/2024
138686514;04/11/2024
138686514;04/11/2024
138719363;04/11/2024
138720115;04/11/2024
138706582;04/11/2024
138670872;04/11/2024
138695060;04/11/2024
138699411;04/11/2024
138728607;04/11/2024
138713047;04/11/2024
138713047;04/11/2024
138713047;04/11/2024
138725625;04/11/2024
138741839;04/11/2024
138754154;04/11/2024
138754154;04/11/2024
138754154;04/11/2024
138763344;04/11/2024
138760466;04/11/2024
138774003;04/11/2024
138776994;04/11/2024
138738337;04/11/2024
138738337;04/11/2024
138738337;04/11/2024
138738337;04/11/2024
138794229;04/11/2024
138794229;04/11/2024
138776994;04/11/2024
138807457;04/11/2024
138770618;04/11/2024
138811816;04/11/2024
138765647;04/11/2024
138782810;04/11/2024
138782810;04/11/2024
138782810;04/11/2024
138839991;04/11/2024
138833983;04/11/2024
138881697;04/11/2024
138893572;04/11/2024
138908884;04/11/2024
138872696;04/11/2024
138921691;04/11/2024
138872696;04/11/2024
138936683;04/11/2024
138951407;04/11/2024
138938075;04/11/2024
138938075;04/11/2024
138978552;04/11/2024
138986809;04/11/2024
138782810;04/11/2024
138782810;04/11/2024
139003986;04/11/2024
138973990;04/11/2024
139022799;04/11/2024
138938470;04/11/2024
139043250;04/11/2024
139052402;04/11/2024
139052249;04/11/2024
139024144;04/11/2024
139058185;04/11/2024
139079025;04/11/2024
139144056;04/11/2024
139177561;04/11/2024
139177561;04/11/2024
139177561;04/11/2024
139128266;04/11/2024
139151936;04/11/2024
139201641;04/11/2024
139241703;04/11/2024
139255482;04/11/2024
139255482;04/11/2024
139255482;04/11/2024
139255482;04/11/2024
139243149;04/11/2024
139243149;04/11/2024
139293749;04/11/2024
139279264;04/11/2024
139279264;04/11/2024
139353109;04/11/2024
139341971;04/11/2024
139341971;04/11/2024
139400345;04/11/2024
139397259;04/11/2024
139399600;04/11/2024
139387094;04/11/2024
139410489;04/11/2024
139410489;04/11/2024
139427449;04/11/2024
139427449;04/11/2024
139427449;04/11/2024
139427449;04/11/2024
139427449;04/11/2024
139427449;04/11/2024
139457356;04/11/2024
139457356;04/11/2024
139457356;04/11/2024
139394505;04/11/2024
139409286;04/11/2024
139409286;04/11/2024
139409286;04/11/2024
139457597;04/11/2024
139486132;04/11/2024
139486132;04/11/2024
139392187;04/11/2024
139494520;04/11/2024
139511766;04/11/2024
139386254;04/11/2024
139386254;04/11/2024
139518810;04/11/2024
139529279;04/11/2024
139529279;04/11/2024
139529279;04/11/2024
139386254;04/11/2024
139509205;04/11/2024
139537342;04/11/2024
139522071;04/11/2024
139522071;04/11/2024
139566590;04/11/2024
139524405;04/11/2024
139566590;04/11/2024
139316707;04/11/2024
139316707;04/11/2024
139316707;04/11/2024
139316707;04/11/2024
139587052;04/11/2024
139643687;04/11/2024
139635775;04/11/2024
139669540;04/11/2024
139636974;04/11/2024
139669477;04/11/2024
139669477;04/11/2024
139669477;04/11/2024
139433823;04/11/2024
139689453;04/11/2024
139689830;04/11/2024
139696221;04/11/2024
139711635;04/11/2024
139714506;04/11/2024
139646021;04/11/2024
139724035;04/11/2024
139674882;04/11/2024
139674882;04/11/2024
139696221;04/11/2024
139721150;04/11/2024
139685042;04/11/2024
139735839;04/11/2024
139735839;04/11/2024
139742948;04/11/2024
139737415;04/11/2024
139707261;04/11/2024
139645084;04/11/2024
139743697;04/11/2024
139740500;04/11/2024
139713779;04/11/2024
139768063;04/11/2024
139767357;04/11/2024
139760853;04/11/2024
139767357;04/11/2024
139767357;04/11/2024
139780245;04/11/2024
139780245;04/11/2024
139730886;04/11/2024
139767357;04/11/2024
139788357;04/11/2024
139788357;04/11/2024
139799024;04/11/2024
139792522;04/11/2024
139781646;04/11/2024
139836380;04/11/2024
139836380;04/11/2024
139861459;04/11/2024
139882132;04/11/2024
139878053;04/11/2024
139871641;04/11/2024
139903684;04/11/2024
139882167;04/11/2024
139882167;04/11/2024
139913016;04/11/2024
139929925;04/11/2024
139925166;04/11/2024
139933600;04/11/2024
139933600;04/11/2024
139927682;04/11/2024
139927682;04/11/2024
139927682;04/11/2024
139895851;04/11/2024
139898915;04/11/2024
139944359;04/11/2024
139941095;04/11/2024
139973465;04/11/2024
140002189;04/11/2024
139974164;04/11/2024
140013236;04/11/2024
140013236;04/11/2024
140020484;04/11/2024
140025161;04/11/2024
140020235;04/11/2024
139900962;04/11/2024
140004217;04/11/2024
140045545;04/11/2024
140046681;04/11/2024
140079153;04/11/2024
140067259;04/11/2024
140076252;04/11/2024
140104851;04/11/2024
140104851;04/11/2024
140116410;04/11/2024
140145259;04/11/2024
140146072;04/11/2024
140146072;04/11/2024
140103718;04/11/2024
140198381;04/11/2024
140197818;04/11/2024
140190548;04/11/2024
140190569;04/11/2024
140190548;04/11/2024
140184623;04/11/2024
140230602;04/11/2024
140235944;04/11/2024
140236558;04/11/2024
140232298;04/11/2024
140256902;04/11/2024
140190569;04/11/2024
140260554;04/11/2024
140230711;04/11/2024
140255197;04/11/2024
140306366;04/11/2024
140306366;04/11/2024
140296903;04/11/2024
140321608;04/11/2024
140306551;04/11/2024
140250187;04/11/2024
140250187;04/11/2024
140250187;04/11/2024
140306643;04/11/2024
140347474;04/11/2024
140338659;04/11/2024
140376453;04/11/2024
140398558;04/11/2024
140356323;04/11/2024
140423575;04/11/2024
140446151;04/11/2024
140380653;04/11/2024
140380653;04/11/2024
140449229;04/11/2024
140433745;04/11/2024
140446589;04/11/2024
140443374;04/11/2024
140491344;04/11/2024
140368040;04/11/2024
140368040;04/11/2024
140368040;04/11/2024
140368040;04/11/2024
140459840;04/11/2024
140486857;04/11/2024
140475336;04/11/2024
140368040;04/11/2024
140520277;04/11/2024
140532351;04/11/2024
140532351;04/11/2024
140590497;04/11/2024
140595673;04/11/2024
140595673;04/11/2024
140619111;04/11/2024
140624004;04/11/2024
140623970;04/11/2024
140623970;04/11/2024
140632823;04/11/2024
140656152;04/11/2024
140656375;04/11/2024
140631371;04/11/2024
140631855;04/11/2024
140668251;04/11/2024
140675494;04/11/2024
140649431;04/11/2024
140667499;04/11/2024
140667499;04/11/2024
140677718;04/11/2024
140695425;04/11/2024
140697850;04/11/2024
140703420;04/11/2024
140721608;04/11/2024
140721608;04/11/2024
140705558;04/11/2024
140656297;04/11/2024
140656297;04/11/2024
140719880;04/11/2024
140736266;04/11/2024
140690684;04/11/2024
140740677;04/11/2024
140740677;04/11/2024
140761816;04/11/2024
140761816;04/11/2024
140761816;04/11/2024
140761516;04/11/2024
140761516;04/11/2024
140761516;04/11/2024
140790251;04/11/2024
140790251;04/11/2024
140782638;04/11/2024
140809054;04/11/2024
140767916;04/11/2024
140767916;04/11/2024
140826865;04/11/2024
140858155;04/11/2024
140825519;04/11/2024
140866789;04/11/2024
140875821;04/11/2024
140863323;04/11/2024
140860123;04/11/2024
140879804;04/11/2024
140879804;04/11/2024
140846744;04/11/2024
140903923;04/11/2024
140915063;04/11/2024
140880367;04/11/2024
140867029;04/11/2024
140867029;04/11/2024
140921979;04/11/2024
140921979;04/11/2024
140937241;04/11/2024
140867615;04/11/2024
140933460;04/11/2024
140948063;04/11/2024
140961847;04/11/2024
140950874;04/11/2024
140974538;04/11/2024
140990339;04/11/2024
140939537;04/11/2024
141008069;04/11/2024
140990502;04/11/2024
141104779;04/11/2024
140983198;04/11/2024
140983198;04/11/2024
140983198;04/11/2024
141141856;04/11/2024
141099180;04/11/2024
141148440;04/11/2024
141148440;04/11/2024
141162334;04/11/2024
141187115;04/11/2024
141141856;04/11/2024
141233248;04/11/2024
141243864;04/11/2024
141237017;04/11/2024
141255688;04/11/2024
141255688;04/11/2024
141258493;04/11/2024
141287031;04/11/2024
141260904;04/11/2024
141288559;04/11/2024
141296506;04/11/2024
141269740;04/11/2024
141336279;04/11/2024
141328306;04/11/2024
138452498;04/11/2024
138438135;04/11/2024
138438135;04/11/2024
138444761;04/11/2024
138464229;04/11/2024
138445066;04/11/2024
138484314;04/11/2024
138484314;04/11/2024
138445138;04/11/2024
138445138;04/11/2024
138478614;04/11/2024
138494464;04/11/2024
138473172;04/11/2024
138486206;04/11/2024
138505551;04/11/2024
138486695;04/11/2024
138482989;04/11/2024
138522881;04/11/2024
138522881;04/11/2024
138525016;04/11/2024
138525016;04/11/2024
138512694;04/11/2024
138511398;04/11/2024
138531299;04/11/2024
138492839;04/11/2024
138535505;04/11/2024
138532702;04/11/2024
138535505;04/11/2024
138517699;04/11/2024
138532702;04/11/2024
138545989;04/11/2024
138537095;04/11/2024
138544448;04/11/2024
138545989;04/11/2024
138518232;04/11/2024
138538987;04/11/2024
138532702;04/11/2024
138532702;04/11/2024
138532702;04/11/2024
138532702;04/11/2024
138532702;04/11/2024
138547697;04/11/2024
138532702;04/11/2024
138545989;04/11/2024
138548750;04/11/2024
138534346;04/11/2024
138532702;04/11/2024
138547697;04/11/2024
138547697;04/11/2024
138545989;04/11/2024
138559000;04/11/2024
138547697;04/11/2024
138562528;04/11/2024
138545989;04/11/2024
138575305;04/11/2024
138574934;04/11/2024
138590999;04/11/2024
138547697;04/11/2024
138545989;04/11/2024
138597688;04/11/2024
138547697;04/11/2024
138590999;04/11/2024
138581854;04/11/2024
138590999;04/11/2024
138601452;04/11/2024
138590999;04/11/2024
138596607;04/11/2024
138610522;04/11/2024
138607436;04/11/2024
138619928;04/11/2024
138613882;04/11/2024
138634383;04/11/2024
138623009;04/11/2024
138618124;04/11/2024
138618885;04/11/2024
138639605;04/11/2024
138496841;04/11/2024
138496841;04/11/2024
138636685;04/11/2024
138496841;04/11/2024
138639605;04/11/2024
138496841;04/11/2024
138638308;04/11/2024
138638308;04/11/2024
138686618;04/11/2024
138638308;04/11/2024
138687590;04/11/2024
138698174;04/11/2024
138678375;04/11/2024
138678375;04/11/2024
138705559;04/11/2024
138730730;04/11/2024
138730730;04/11/2024
138726094;04/11/2024
138742596;04/11/2024
138750926;04/11/2024
138762761;04/11/2024
138741799;04/11/2024
138780429;04/11/2024
138732903;04/11/2024
138789836;04/11/2024
138762763;04/11/2024
138789789;04/11/2024
138787047;04/11/2024
138798505;04/11/2024
138829410;04/11/2024
138835958;04/11/2024
138832035;04/11/2024
138831730;04/11/2024
138836214;04/11/2024
138858939;04/11/2024
138835986;04/11/2024
138852359;04/11/2024
138852198;04/11/2024
138880037;04/11/2024
138890803;04/11/2024
138881807;04/11/2024
138874499;04/11/2024
138874499;04/11/2024
138901872;04/11/2024
138901872;04/11/2024
138901872;04/11/2024
138847784;04/11/2024
138860123;04/11/2024
138919497;04/11/2024
138898725;04/11/2024
138847784;04/11/2024
138919497;04/11/2024
138930257;04/11/2024
138882155;04/11/2024
138896284;04/11/2024
138951051;04/11/2024
138951051;04/11/2024
138953026;04/11/2024
138896284;04/11/2024
138936760;04/11/2024
138953026;04/11/2024
138959873;04/11/2024
138956549;04/11/2024
138953026;04/11/2024
138953026;04/11/2024
138991298;04/11/2024
138953026;04/11/2024
138953026;04/11/2024
138983386;04/11/2024
139026452;04/11/2024
139012163;04/11/2024
138995938;04/11/2024
139019721;04/11/2024
139017025;04/11/2024
139024298;04/11/2024
139024298;04/11/2024
139038533;04/11/2024
139024298;04/11/2024
139002555;04/11/2024
139002555;04/11/2024
139049720;04/11/2024
139002555;04/11/2024
139002555;04/11/2024
139018792;04/11/2024
139024298;04/11/2024
139058423;04/11/2024
139072674;04/11/2024
139073937;04/11/2024
139089582;04/11/2024
139093777;04/11/2024
139093777;04/11/2024
139140583;04/11/2024
139109573;04/11/2024
139111675;04/11/2024
139117388;04/11/2024
139157241;04/11/2024
139146108;04/11/2024
139204380;04/11/2024
139184574;04/11/2024
139191657;04/11/2024
139225123;04/11/2024
139223077;04/11/2024
139248344;04/11/2024
139249347;04/11/2024
139218550;04/11/2024
139279942;04/11/2024
139290542;04/11/2024
139215224;04/11/2024
139215224;04/11/2024
139302981;04/11/2024
139337542;04/11/2024
139336007;04/11/2024
139261080;04/11/2024
139314420;04/11/2024
139351254;04/11/2024
139342231;04/11/2024
139354219;04/11/2024
139358533;04/11/2024
139383878;04/11/2024
139383878;04/11/2024
139385661;04/11/2024
139384690;04/11/2024
139414339;04/11/2024
139437432;04/11/2024
139460532;04/11/2024
139439716;04/11/2024
139437364;04/11/2024
139459480;04/11/2024
139470111;04/11/2024
139523013;04/11/2024
139566606;04/11/2024
139560210;04/11/2024
139567899;04/11/2024
139600421;04/11/2024
139650461;04/11/2024
139630089;04/11/2024
139636720;04/11/2024
139636419;04/11/2024
139653939;04/11/2024
139670361;04/11/2024
139670976;04/11/2024
139650748;04/11/2024
139687310;04/11/2024
139669767;04/11/2024
139688051;04/11/2024
139612360;04/11/2024
139612360;04/11/2024
139612360;04/11/2024
139714770;04/11/2024
139727077;04/11/2024
139735903;04/11/2024
139738312;04/11/2024
139752677;04/11/2024
139752677;04/11/2024
139755081;04/11/2024
139756820;04/11/2024
139751453;04/11/2024
139756820;04/11/2024
139769218;04/11/2024
139759851;04/11/2024
139780955;04/11/2024
139784312;04/11/2024
139784312;04/11/2024
139773330;04/11/2024
139749778;04/11/2024
139778362;04/11/2024
139759514;04/11/2024
139789665;04/11/2024
139817429;04/11/2024
139822768;04/11/2024
139827445;04/11/2024
139859849;04/11/2024
139883860;04/11/2024
139871554;04/11/2024
139894892;04/11/2024
139886790;04/11/2024
139911587;04/11/2024
139895588;04/11/2024
139915186;04/11/2024
139923623;04/11/2024
139930384;04/11/2024
139918716;04/11/2024
139908291;04/11/2024
139929718;04/11/2024
139932122;04/11/2024
139953755;04/11/2024
139953370;04/11/2024
139974045;04/11/2024
139949515;04/11/2024
139956404;04/11/2024
139969138;04/11/2024
139996329;04/11/2024
139970388;04/11/2024
139973971;04/11/2024
139998756;04/11/2024
139941426;04/11/2024
140004476;04/11/2024
140005064;04/11/2024
140031466;04/11/2024
140029362;04/11/2024
140061772;04/11/2024
140010367;04/11/2024
140067328;04/11/2024
140092986;04/11/2024
140085284;04/11/2024
140080979;04/11/2024
140099413;04/11/2024
140067843;04/11/2024
140103354;04/11/2024
140055909;04/11/2024
140091154;04/11/2024
140084146;04/11/2024
140089992;04/11/2024
140119728;04/11/2024
140151399;04/11/2024
140174921;04/11/2024
140180767;04/11/2024
140183189;04/11/2024
140202510;04/11/2024
140174921;04/11/2024
140217084;04/11/2024
140248557;04/11/2024
140249877;04/11/2024
140256604;04/11/2024
140270395;04/11/2024
140251190;04/11/2024
140272618;04/11/2024
140269609;04/11/2024
140270400;04/11/2024
140259181;04/11/2024
140268022;04/11/2024
140295062;04/11/2024
140278443;04/11/2024
140282924;04/11/2024
140272815;04/11/2024
140300246;04/11/2024
140297311;04/11/2024
140272815;04/11/2024
140295784;04/11/2024
140300310;04/11/2024
140295721;04/11/2024
140292496;04/11/2024
140313986;04/11/2024
140318375;04/11/2024
140309364;04/11/2024
140327082;04/11/2024
140318933;04/11/2024
140332333;04/11/2024
140326146;04/11/2024
140314007;04/11/2024
140309755;04/11/2024
140358703;04/11/2024
140365336;04/11/2024
140318375;04/11/2024
140375960;04/11/2024
140367772;04/11/2024
140380304;04/11/2024
140366409;04/11/2024
140391862;04/11/2024
140395557;04/11/2024
140384447;04/11/2024
140387976;04/11/2024
140396372;04/11/2024
140366409;04/11/2024
140442236;04/11/2024
140443607;04/11/2024
140444792;04/11/2024
140404067;04/11/2024
140463571;04/11/2024
140421733;04/11/2024
140449762;04/11/2024
140490944;04/11/2024
140482252;04/11/2024
140468245;04/11/2024
140507978;04/11/2024
140495801;04/11/2024
140493108;04/11/2024
140507729;04/11/2024
140507729;04/11/2024
140507729;04/11/2024
140507729;04/11/2024
140500058;04/11/2024
140512522;04/11/2024
140515915;04/11/2024
140525795;04/11/2024
140578463;04/11/2024
140571016;04/11/2024
140568898;04/11/2024
140578463;04/11/2024
140538213;04/11/2024
140624168;04/11/2024
140627389;04/11/2024
140620847;04/11/2024
140669637;04/11/2024
140661194;04/11/2024
140563676;04/11/2024
140662563;04/11/2024
140697679;04/11/2024
140696742;04/11/2024
140682321;04/11/2024
140682321;04/11/2024
140706856;04/11/2024
140731887;04/11/2024
140751507;04/11/2024
140742104;04/11/2024
140726528;04/11/2024
140756550;04/11/2024
140756550;04/11/2024
140743367;04/11/2024
140746209;04/11/2024
140739220;04/11/2024
140775166;04/11/2024
140767857;04/11/2024
140768360;04/11/2024
140772951;04/11/2024
140794308;04/11/2024
140804806;04/11/2024
140803609;04/11/2024
140799789;04/11/2024
140798067;04/11/2024
140792010;04/11/2024
140820962;04/11/2024
140806890;04/11/2024
140803282;04/11/2024
140810409;04/11/2024
140825490;04/11/2024
140841830;04/11/2024
140830173;04/11/2024
140808100;04/11/2024
140783905;04/11/2024
140806890;04/11/2024
140838582;04/11/2024
140869304;04/11/2024
140862663;04/11/2024
140892708;04/11/2024
140879115;04/11/2024
140914708;04/11/2024
140906775;04/11/2024
140920857;04/11/2024
140930018;04/11/2024
140925704;04/11/2024
140925704;04/11/2024
140884869;04/11/2024
140930920;04/11/2024
140884869;04/11/2024
140916408;04/11/2024
140949579;04/11/2024
140920900;04/11/2024
140950879;04/11/2024
140941773;04/11/2024
140947834;04/11/2024
140940848;04/11/2024
140922659;04/11/2024
140982896;04/11/2024
140980782;04/11/2024
140979755;04/11/2024
140957666;04/11/2024
140955212;04/11/2024
141075151;04/11/2024
140992539;04/11/2024
141103818;04/11/2024
141119806;04/11/2024
141075151;04/11/2024
141117507;04/11/2024
141134049;04/11/2024
141165617;04/11/2024
141173130;04/11/2024
141183912;04/11/2024
141235002;04/11/2024
141231505;04/11/2024
141245858;04/11/2024
141262004;04/11/2024
141296228;04/11/2024
141319836;04/11/2024
141318877;04/11/2024
141319525;04/11/2024
141320369;04/11/2024
138608954;04/11/2024
141311067;04/11/2024
141321957;04/11/2024
141155369;04/11/2024
141311067;04/11/2024
141321276;04/11/2024
